Species,latitude,longitude
Asclepias syriaca,40.44278,-76.64482
Asclepias syriaca,39.25319,-75.45195
Asclepias syriaca,41.44022,-81.85433
Asclepias syriaca,38.94926,-76.49084
Asclepias syriaca,40.59302,-74.55827
Asclepias syriaca,40.46786,-73.99727
Asclepias syriaca,38.89631,-95.49788
Asclepias syriaca,44.7392,-73.13012
Asclepias syriaca,44.87433,-68.67905
Asclepias syriaca,42.25583,-83.04822
Asclepias syriaca,35.81742,-81.18036
Asclepias syriaca,41.45104,-71.39942
Asclepias syriaca,40.60326,-73.9264
Asclepias syriaca,39.96704,-83.72455
Asclepias syriaca,43.65417,-73.22716
Asclepias syriaca,40.04334,-75.34693
Asclepias syriaca,40.03781,-75.33827
Asclepias syriaca,42.39845,-85.38609
Asclepias syriaca,42.81574,-77.78767
Asclepias syriaca,41.93941,-78.67404
Asclepias syriaca,40.497,-74.451
Asclepias syriaca,40.0584,-82.70903
Asclepias syriaca,44.2734,-96.77833
Asclepias syriaca,40.82576,-96.6852
Asclepias syriaca,40.80948,-96.66858
Asclepias syriaca,40.81105,-96.67031
Asclepias syriaca,40.45859,-80.40652
Asclepias syriaca,40.43264,-79.9413
Asclepias syriaca,43.11166,-78.4062
Asclepias syriaca,42.47374,-83.99711
Asclepias syriaca,42.26549,-70.8702
Asclepias syriaca,42.25583,-83.04822
Asclepias syriaca,42.41892,-70.90656
Asclepias syriaca,44.26483,-84.24156
Asclepias syriaca,43.12944,-80.28986
Asclepias syriaca,44.26484,-84.24156
Asclepias syriaca,44.2649,-84.24134
Asclepias syriaca,44.26469,-84.24133
Asclepias syriaca,35.25578,-85.78992
Asclepias syriaca,44.84318,-86.06413
Asclepias syriaca,35.85602,-78.99011
Asclepias syriaca,43.09156,-71.16017
Asclepias syriaca,43.0915,-71.16016
Asclepias syriaca,43.0914,-71.16014
Asclepias syriaca,40.97741,-81.30646
Asclepias syriaca,40.27175,-74.77279
Asclepias syriaca,44.31,-96.80166
Asclepias syriaca,44.43472,-83.45072
Asclepias syriaca,43.16832,-90.04066
Asclepias syriaca,36.02599,-78.9008
Asclepias syriaca,40.58401,-73.88576
Asclepias syriaca,43.25392,-72.58249
Asclepias syriaca,43.26285,-72.59511
Asclepias syriaca,44.16836,-73.1342
Asclepias syriaca,44.16279,-73.14139
Asclepias syriaca,35.81224,-78.71442
Asclepias syriaca,45.05898,-92.94224
Asclepias syriaca,43.81197,-71.44958
Asclepias syriaca,39.22659,-76.74732
Asclepias syriaca,42.39733,-71.14534
Asclepias syriaca,45.49912,-76.07583
Asclepias syriaca,39.01395,-76.39814
Asclepias syriaca,38.8982,-76.35923
Asclepias syriaca,36.19363,-86.65631
Asclepias syriaca,36.16793,-86.72179
Asclepias syriaca,35.81168,-78.71393
Asclepias syriaca,44.13172,-74.91915
Asclepias syriaca,42.40746,-71.32613
Asclepias syriaca,41.15061,-73.96942
Asclepias syriaca,39.00318,-76.88644
Asclepias syriaca,39.00147,-76.87842
Asclepias syriaca,39.00456,-76.8849
Asclepias syriaca,38.93399,-94.68392
Asclepias syriaca,39.25632,-75.11313
Asclepias syriaca,39.71368,-82.59933
Asclepias syriaca,38.8994,-77.0575
Asclepias syriaca,38.8664,-77.7064
Asclepias syriaca,38.895,-77.0367
Asclepias syriaca,39.2672,-76.7986
Asclepias syriaca,38.94,-77.0514
Asclepias syriaca,39.1367,-77.715
Asclepias syriaca,38.8242,-77.7111
Asclepias syriaca,38.8822,-77.0575
Asclepias syriaca,38.8664,-77.7064
Asclepias syriaca,38.8461,-77.3067
Asclepias syriaca,38.8664,-77.7064
Asclepias syriaca,38.94,-77.0514
Asclepias syriaca,38.8242,-77.7111
Asclepias syriaca,38.9037,-76.9444
Asclepias syriaca,39.644,-77.3991
Asclepias syriaca,38.8119,-77.6367
Asclepias syriaca,38.9436,-77.1261
Asclepias syriaca,38.895,-77.0367
Asclepias syriaca,38.95889,-76.57219
Asclepias syriaca,38.8242,-77.7111
Asclepias syriaca,38.8664,-77.7064
Asclepias syriaca,38.8664,-77.7064
Asclepias syriaca,38.8653,-76.9867
Asclepias syriaca,39.1688,-76.7327
Asclepias syriaca,38.8242,-77.7111
Asclepias syriaca,41.01068,-81.9703
Asclepias syriaca,44.27074,-96.78
Asclepias syriaca,41.33448,-80.23895
Asclepias syriaca,41.33448,-80.23901
Asclepias syriaca,41.33451,-80.23886
Asclepias syriaca,41.3345,-80.23898
Asclepias syriaca,41.33448,-80.23892
Asclepias syriaca,41.33454,-80.23887
Asclepias syriaca,45.44638,-75.65222
Asclepias syriaca,39.10604,-81.97162
Asclepias syriaca,42.6634,-71.94989
Asclepias syriaca,39.40262,-82.16704
Asclepias syriaca,38.83712,-77.21418
Asclepias syriaca,42.87802,-89.27568
Asclepias syriaca,44.26185,-72.2884
Asclepias syriaca,37.84301,-94.70581
Asclepias syriaca,43.63545,-70.28932
Asclepias syriaca,44.8436,-86.06154
Asclepias syriaca,43.98709,-72.44583
Asclepias syriaca,41.53561,-87.31186
Asclepias syriaca,41.59898,-87.23047
Asclepias syriaca,43.39242,-95.18444
Asclepias syriaca,44.55902,-69.6663
Asclepias syriaca,43.0915,-71.16011
Asclepias syriaca,43.09154,-71.15994
Asclepias syriaca,42.46679,-87.80493
Asclepias syriaca,47.41779,-94.86793
Asclepias syriaca,42.47767,-83.99305
Asclepias syriaca,42.37145,-71.06578
Asclepias syriaca,39.31969,-82.10277
Asclepias syriaca,44.04939,-73.05426
Asclepias syriaca,40.27036,-74.77356
Asclepias syriaca,44.3352,-68.06135
Asclepias syriaca,43.53563,-71.62853
Asclepias syriaca,43.60472,-84.2705
Asclepias syriaca,42.16284,-71.14169
Asclepias syriaca,41.57501,-87.19153
Asclepias syriaca,42.2811,-83.70863
Asclepias syriaca,35.98825,-79.05655
Asclepias syriaca,46.56621,-91.42318
Asclepias syriaca,46.0952,-85.39287
Asclepias syriaca,42.38971,-71.1352
Asclepias syriaca,41.60911,-70.53478
Asclepias syriaca,42.79626,-77.82347
Asclepias syriaca,44.01333,-96.32367
Asclepias syriaca,47.38267,-91.19537
Asclepias syriaca,36.13438,-79.84094
Asclepias syriaca,41.71682,-71.35857
Asclepias syriaca,44.85737,-93.08207
Asclepias syriaca,40.5427,-74.37134
Asclepias syriaca,37.33714,-88.86905
Asclepias syriaca,42.74902,-70.94187
Asclepias syriaca,43.2877,-89.72929
Asclepias syriaca,44.89484,-93.38675
Asclepias syriaca,42.37042,-71.25689
Asclepias syriaca,44.63766,-63.58926
Asclepias syriaca,42.36661,-71.25628
Asclepias syriaca,42.36671,-71.25616
Asclepias syriaca,41.5227,-87.63845
Asclepias syriaca,43.49048,-74.27281
Asclepias syriaca,41.23499,-87.41487
Asclepias syriaca,42.40372,-71.08659
Asclepias syriaca,40.8086,-85.75943
Asclepias syriaca,40.48077,-74.41697
Asclepias syriaca,40.48551,-74.42841
Asclepias syriaca,36.46152,-81.33867
Asclepias syriaca,44.26566,-72.51064
Asclepias syriaca,40.78482,-74.10498
Asclepias syriaca,41.22495,-81.48601
Asclepias syriaca,39.4174,-76.84462
Asclepias syriaca,43.17893,-85.71448
Asclepias syriaca,39.98197,-82.41329
Asclepias syriaca,41.65804,-81.18302
Asclepias syriaca,42.64313,-71.31355
Asclepias syriaca,41.00762,-81.39748
Asclepias syriaca,43.01768,-73.63699
Asclepias syriaca,41.77,-86.25
Asclepias syriaca,44.46972,-93.1489
Asclepias syriaca,45.30285,-75.1812
Asclepias syriaca,36.07497,-78.951
Asclepias syriaca,38.90818,-76.96706
Asclepias syriaca,40.38577,-74.76128
Asclepias syriaca,43.11478,-76.23525
Asclepias syriaca,45.27295,-76.81273
Asclepias syriaca,42.79421,-86.10321
Asclepias syriaca,42.80308,-75.71438
Asclepias syriaca,39.32891,-77.75728
Asclepias syriaca,42.37286,-72.53985
Asclepias syriaca,40.60131,-74.5328
Asclepias syriaca,39.11696,-77.57228
Asclepias syriaca,39.57098,-76.50336
Asclepias syriaca,39.2813,-76.61192
Asclepias syriaca,36.09781,-79.90936
Asclepias syriaca,40.59341,-74.54493
Asclepias syriaca,40.60983,-74.57385
Asclepias syriaca,40.427,-79.89333
Asclepias syriaca,42.31243,-71.03696
Asclepias syriaca,45.86794,-77.75665
Asclepias syriaca,42.99376,-72.52763
Asclepias syriaca,43.58039,-89.71436
Asclepias syriaca,44.53421,-72.02787
Asclepias syriaca,44.89981,-72.95655
Asclepias syriaca,35.54303,-82.14583
Asclepias syriaca,42.37549,-85.67174
Asclepias syriaca,45.76171,-95.38497
Asclepias syriaca,50.1721,-97.13432
Asclepias syriaca,37.24059,-80.45919
Asclepias syriaca,38.91636,-77.06443
Asclepias syriaca,44.98021,-72.18454
Asclepias syriaca,40.55154,-105.14315
Asclepias syriaca,42.39407,-71.07628
Asclepias syriaca,43.95578,-89.12783
Asclepias syriaca,41.40226,-72.60525
Asclepias syriaca,43.8952,-89.28862
Asclepias syriaca,41.03618,-85.2264
Asclepias syriaca,39.09467,-76.58456
Asclepias syriaca,44.75759,-71.73225
Asclepias syriaca,40.58246,-105.10631
Asclepias syriaca,44.33035,-72.47036
Asclepias syriaca,43.36385,-89.77057
Asclepias syriaca,42.70375,-83.48445
Asclepias syriaca,38.99946,-76.66757
Asclepias syriaca,42.40194,-71.11001
Asclepias syriaca,44.92807,-93.30208
Asclepias syriaca,43.17698,-72.88421
Asclepias syriaca,42.65583,-71.10736
Asclepias syriaca,42.50652,-89.03029
Asclepias syriaca,44.51495,-73.23579
Asclepias syriaca,41.16118,-73.16772
Asclepias syriaca,38.8041,-77.01655
Asclepias syriaca,41.31794,-72.0363
Asclepias syriaca,40.3502,-89.14224
Asclepias syriaca,39.5728,-79.23564
Asclepias syriaca,41.9966,-85.98227
Asclepias syriaca,43.54127,-70.48143
Asclepias syriaca,39.51956,-82.56633
Asclepias syriaca,44.27327,-96.7782
Asclepias syriaca,43.14487,-89.2966
Asclepias syriaca,42.59964,-99.18172
Asclepias syriaca,39.05052,-77.31212
Asclepias syriaca,44.02909,-88.5269
Asclepias syriaca,45.33218,-75.91981
Asclepias syriaca,42.70678,-83.48599
Asclepias syriaca,44.9323,-93.22053
Asclepias syriaca,43.1876,-72.48893
Asclepias syriaca,39.88346,-79.42321
Asclepias syriaca,44.36968,-83.3377
Asclepias syriaca,43.12562,-80.28369
Asclepias syriaca,44.99328,-95.77333
Asclepias syriaca,41.60619,-84.45625
Asclepias syriaca,35.98573,-79.0577
Asclepias syriaca,38.91315,-76.94017
Asclepias syriaca,46.85831,-96.4654
Asclepias syriaca,41.01577,-74.79308
Asclepias syriaca,35.99027,-79.05469
Asclepias syriaca,35.98995,-79.05485
Asclepias syriaca,38.88762,-76.15748
Asclepias syriaca,39.81766,-82.73462
Asclepias syriaca,35.99011,-79.05517
Asclepias syriaca,35.99018,-79.05511
Asclepias syriaca,42.25523,-71.33881
Asclepias syriaca,41.96303,-87.63338
Asclepias syriaca,44.82224,-73.28183
Asclepias syriaca,40.81085,-96.66734
Asclepias syriaca,44.46469,-68.93059
Asclepias syriaca,44.52718,-73.40523
Asclepias syriaca,43.73883,-72.52376
Asclepias syriaca,39.1394,-84.51763
Asclepias syriaca,40.49956,-74.4258
Asclepias syriaca,40.47235,-74.5261
Asclepias syriaca,40.70489,-74.47097
Asclepias syriaca,40.4385,-79.948
Asclepias syriaca,43.04602,-70.71976
Asclepias syriaca,36.10787,-78.81237
Asclepias syriaca,43.63147,-72.52131
Asclepias syriaca,44.00092,-73.15707
Asclepias syriaca,45.5039,-75.49461
Asclepias syriaca,43.36381,-85.45404
Asclepias syriaca,42.52023,-90.62042
Asclepias syriaca,43.04689,-87.98592
Asclepias syriaca,44.50554,-73.21577
Asclepias syriaca,44.50554,-73.21556
Asclepias syriaca,41.9571,-87.69396
Asclepias syriaca,40.76988,-74.45534
Asclepias syriaca,36.15776,-81.68484
Asclepias syriaca,40.47827,-77.01096
Asclepias syriaca,44.27103,-96.77985
Asclepias syriaca,39.76019,-89.76246
Asclepias syriaca,40.64389,-73.60849
Asclepias syriaca,44.06073,-90.17173
Asclepias syriaca,42.03702,-71.02458
Asclepias syriaca,41.7449,-72.69041
Asclepias syriaca,42.1147,-77.07945
Asclepias syriaca,38.96059,-77.05378
Asclepias syriaca,39.99484,-76.00144
Asclepias syriaca,40.78892,-73.95789
Asclepias syriaca,43.12239,-89.49103
Asclepias syriaca,45.7256,-91.88002
Asclepias syriaca,41.95591,-87.66727
Asclepias syriaca,44.21433,-72.78976
Asclepias syriaca,39.21541,-94.54934
Asclepias syriaca,40.60765,-74.58539
Asclepias syriaca,43.01712,-88.3106
Asclepias syriaca,39.84241,-82.8511
Asclepias syriaca,44.19945,-72.17202
Asclepias syriaca,44.55283,-71.78231
Asclepias syriaca,44.13167,-73.06864
Asclepias syriaca,42.24378,-71.16245
Asclepias syriaca,42.25273,-71.33519
Asclepias syriaca,42.25209,-71.3344
Asclepias syriaca,41.83182,-103.6998
Asclepias syriaca,40.81085,-96.66758
Asclepias syriaca,40.81118,-96.67
Asclepias syriaca,38.82473,-77.64063
Asclepias syriaca,38.8407,-77.64107
Asclepias syriaca,38.84013,-77.64515
Asclepias syriaca,38.06768,-80.2933
Asclepias syriaca,40.77889,-96.63768
Asclepias syriaca,40.81105,-96.66996
Asclepias syriaca,39.47463,-77.74441
Asclepias syriaca,41.81004,-72.25966
Asclepias syriaca,40.8109,-96.6697
Asclepias syriaca,45.44076,-95.28131
Asclepias syriaca,37.74308,-97.27085
Asclepias syriaca,40.58059,-96.50391
Asclepias syriaca,40.44695,-96.67969
Asclepias syriaca,40.44695,-96.67969
Asclepias syriaca,40.44695,-96.67969
Asclepias syriaca,40.82233,-98.32695
Asclepias syriaca,38.52104,-78.43743
Asclepias syriaca,43.73091,-70.29038
Asclepias syriaca,43.58387,-73.04005
Asclepias syriaca,43.98516,-74.23531
Asclepias syriaca,43.33638,-70.55471
Asclepias syriaca,41.82312,-72.31266
Asclepias syriaca,39.03371,-77.15341
Asclepias syriaca,42.47959,-76.45111
Asclepias syriaca,40.07983,-83.03414
Asclepias syriaca,41.06707,-76.29059
Asclepias syriaca,35.98606,-79.05797
Asclepias syriaca,44.89424,-85.92059
Asclepias syriaca,44.29691,-72.50935
Asclepias syriaca,42.31302,-71.03726
Asclepias syriaca,35.99029,-79.05487
Asclepias syriaca,39.76181,-89.75707
Asclepias syriaca,41.72064,-73.47815
Asclepias syriaca,42.80861,-70.86048
Asclepias syriaca,40.11007,-82.71819
Asclepias syriaca,40.94983,-80.0251
Asclepias syriaca,44.98184,-93.25184
Asclepias syriaca,41.14265,-81.60762
Asclepias syriaca,42.06417,-87.675
Asclepias syriaca,42.0642,-87.675
Asclepias syriaca,42.79239,-85.98877
Asclepias syriaca,47.19391,-95.23104
Asclepias syriaca,44.9912,-93.05928
Asclepias syriaca,42.68031,-75.75785
Asclepias syriaca,45.08389,-87.06778
Asclepias syriaca,45.34056,-86.90556
Asclepias syriaca,40.29338,-83.89473
Asclepias syriaca,41.14265,-81.60762
Asclepias syriaca,41.05929,-74.85335
Asclepias syriaca,44.94389,-91.34917
Asclepias syriaca,38.8867,-92.44557
Asclepias syriaca,41.14409,-81.82312
Asclepias syriaca,44.76998,-91.65085
Asclepias syriaca,42.06477,-87.6749
Asclepias syriaca,41.74359,-88.19605
Asclepias syriaca,41.72974,-88.16957
Asclepias syriaca,44.05644,-90.1716
Asclepias syriaca,43.12385,-88.91583
Asclepias syriaca,42.44898,-87.81105
Asclepias syriaca,41.37751,-71.58685
Asclepias syriaca,43.91413,-72.35938
Asclepias syriaca,43.12818,-88.9159
Asclepias syriaca,43.03995,-88.98855
Asclepias syriaca,44.26894,-73.78659
Asclepias syriaca,38.9517,-76.98619
Asclepias syriaca,41.90315,-100.29708
Asclepias syriaca,37.637,-89.83539
Asclepias syriaca,41.53499,-81.65113
Asclepias syriaca,44.88904,-72.69388
Asclepias syriaca,43.75902,-92.00562
Asclepias syriaca,43.06574,-76.29076
Asclepias syriaca,43.06856,-88.89875
Asclepias syriaca,43.62645,-88.67404
Asclepias syriaca,43.34657,-88.98529
Asclepias syriaca,43.34655,-88.98531
Asclepias syriaca,41.98126,-87.73951
Asclepias syriaca,43.0741,-88.94549
Asclepias syriaca,43.94475,-71.69755
Asclepias syriaca,41.65845,-82.82072
Asclepias syriaca,45.11676,-84.58991
Asclepias syriaca,43.40131,-80.48156
Asclepias syriaca,42.37199,-88.02653
Asclepias syriaca,40.89749,-81.36854
Asclepias syriaca,43.03528,-88.92516
Asclepias syriaca,43.62222,-94.9925
Asclepias syriaca,45.9175,-66.66722
Asclepias syriaca,45.16924,-79.58466
Asclepias syriaca,44.83726,-72.25083
Asclepias syriaca,45.06827,-83.43553
Asclepias syriaca,45.35312,-92.68433
Asclepias syriaca,45.35283,-92.68463
Asclepias syriaca,43.07736,-89.5659
Asclepias syriaca,42.91067,-88.48556
Asclepias syriaca,37.74229,-97.26806
Asclepias syriaca,43.58208,-72.48421
Asclepias syriaca,38.98068,-77.2351
Asclepias syriaca,36.15884,-81.68525
Asclepias syriaca,39.03219,-76.24151
Asclepias syriaca,47.14267,-91.46884
Asclepias syriaca,43.14785,-88.87694
Asclepias syriaca,43.84755,-72.29691
Asclepias syriaca,43.78646,-74.84302
Asclepias syriaca,37.06615,-80.44322
Asclepias syriaca,41.5207,-87.87177
Asclepias syriaca,45.99106,-81.41533
Asclepias syriaca,42.47967,-76.45003
Asclepias syriaca,45.12365,-92.8344
Asclepias syriaca,42.4797,-76.45011
Asclepias syriaca,43.53503,-72.71909
Asclepias syriaca,42.9408,-73.22646
Asclepias syriaca,44.59436,-79.49243
Asclepias syriaca,43.82377,-72.24906
Asclepias syriaca,39.01972,-77.4065
Asclepias syriaca,38.94124,-76.99271
Asclepias syriaca,44.41866,-72.02739
Asclepias syriaca,41.15928,-73.16549
Asclepias syriaca,45.49723,-87.79666
Asclepias syriaca,39.46969,-76.99931
Asclepias syriaca,43.82455,-72.19025
Asclepias syriaca,40.73258,-77.75411
Asclepias syriaca,44.34772,-72.99341
Asclepias syriaca,41.53851,-81.6409
Asclepias syriaca,43.1414,-88.88697
Asclepias syriaca,43.78494,-72.60984
Asclepias syriaca,41.96289,-87.63271
Asclepias syriaca,42.32986,-84.08067
Asclepias syriaca,42.30755,-84.41136
Asclepias syriaca,39.48471,-77.80678
Asclepias syriaca,44.51111,-73.26855
Asclepias syriaca,41.29212,-81.57252
Asclepias syriaca,38.93385,-77.30782
Asclepias syriaca,41.9553,-87.64461
Asclepias syriaca,43.63438,-72.5378
Asclepias syriaca,40.75691,-89.23341
Asclepias syriaca,45.77963,-89.52248
Asclepias syriaca,42.52373,-84.74583
Asclepias syriaca,43.12666,-89.43972
Asclepias syriaca,45.66463,-89.21655
Asclepias syriaca,41.52178,-72.82941
Asclepias syriaca,41.61723,-87.26105
Asclepias syriaca,41.61818,-87.25964
Asclepias syriaca,38.84967,-79.42178
Asclepias syriaca,43.4554,-72.4227
Asclepias syriaca,44.28492,-72.57492
Asclepias syriaca,41.40509,-72.9111
Asclepias syriaca,44.18129,-73.35956
Asclepias syriaca,44.34085,-72.46152
Asclepias syriaca,42.64084,-71.10625
Asclepias syriaca,42.64534,-71.09208
Asclepias syriaca,39.00056,-76.88775
Asclepias syriaca,45.50428,-75.49341
Asclepias syriaca,43.70149,-72.54204
Asclepias syriaca,43.62427,-72.50473
Asclepias syriaca,43.70173,-72.54176
Asclepias syriaca,36.90048,-80.26047
Asclepias syriaca,44.52069,-73.2636
Asclepias syriaca,41.72459,-88.28844
Asclepias syriaca,38.94943,-77.38841
Asclepias syriaca,41.47616,-72.92214
Asclepias syriaca,43.07969,-89.53338
Asclepias syriaca,41.55537,-75.01906
Asclepias syriaca,42.93121,-88.46246
Asclepias syriaca,41.29913,-81.51141
Asclepias syriaca,39.65983,-86.898
Asclepias syriaca,43.32448,-77.7415
Asclepias syriaca,37.80368,-97.64642
Asclepias syriaca,42.48735,-88.33086
Asclepias syriaca,42.76421,-71.86037
Asclepias syriaca,42.21211,-71.11329
Asclepias syriaca,47.06714,-91.59333
Asclepias syriaca,42.2597,-83.06994
Asclepias syriaca,40.05781,-83.79614
Asclepias syriaca,42.3923,-71.27757
Asclepias syriaca,39.4251,-80.7033
Asclepias syriaca,43.03736,-88.98202
Asclepias syriaca,42.98286,-88.98091
Asclepias syriaca,42.99075,-89.06128
Asclepias syriaca,42.67623,-78.37395
Asclepias syriaca,43.82313,-72.28444
Asclepias syriaca,41.5241,-81.22608
Asclepias syriaca,44.40662,-73.24139
Asclepias syriaca,44.40046,-73.23686
Asclepias syriaca,36.02839,-86.37322
Asclepias syriaca,40.1584,-84.39156
Asclepias syriaca,42.24067,-71.77647
Asclepias syriaca,43.18982,-89.62489
Asclepias syriaca,42.95255,-88.876
Asclepias syriaca,41.56415,-81.4347
Asclepias syriaca,45.29884,-75.87004
Asclepias syriaca,44.52799,-71.81572
Asclepias syriaca,44.01923,-73.17989
Asclepias syriaca,45.47319,-94.3595
Asclepias syriaca,35.75349,-86.60288
Asclepias syriaca,40.7784,-73.96878
Asclepias syriaca,40.05547,-78.31719
Asclepias syriaca,41.13891,-81.57465
Asclepias syriaca,41.64267,-87.10719
Asclepias syriaca,44.32862,-72.1704
Asclepias syriaca,39.24101,-76.58855
Asclepias syriaca,42.174,-82.83014
Asclepias syriaca,41.29151,-74.52861
Asclepias syriaca,40.15341,-89.85027
Asclepias syriaca,41.04184,-77.64472
Asclepias syriaca,35.98672,-79.05766
Asclepias syriaca,38.96528,-77.048
Asclepias syriaca,43.08348,-89.6093
Asclepias syriaca,44.85302,-86.03544
Asclepias syriaca,38.80463,-77.07212
Asclepias syriaca,38.98855,-77.97084
Asclepias syriaca,43.08434,-89.42857
Asclepias syriaca,37.75215,-79.5357
Asclepias syriaca,38.7286,-75.69038
Asclepias syriaca,44.31036,-72.46367
Asclepias syriaca,38.85042,-78.31321
Asclepias syriaca,44.37696,-72.11968
Asclepias syriaca,41.85587,-80.97379
Asclepias syriaca,40.61667,-73.82564
Asclepias syriaca,42.50067,-71.62725
Asclepias syriaca,42.25583,-83.04822
Asclepias syriaca,42.25583,-83.04822
Asclepias syriaca,40.05271,-78.31272
Asclepias syriaca,40.32849,-80.01293
Asclepias syriaca,39.09991,-96.60895
Asclepias syriaca,39.24035,-94.54861
Asclepias syriaca,39.21117,-94.50823
Asclepias syriaca,41.34159,-96.14867
Asclepias syriaca,41.2735,-96.17043
Asclepias syriaca,38.94706,-76.69672
Asclepias syriaca,38.8546,-92.43766
Asclepias syriaca,40.82857,-96.6552
Asclepias syriaca,38.93363,-76.98824
Asclepias syriaca,39.2188,-96.62434
Asclepias syriaca,39.99508,-82.42078
Asclepias syriaca,41.60955,-75.22755
Asclepias syriaca,41.58661,-81.56585
Asclepias syriaca,43.73875,-72.52386
Asclepias syriaca,44.89078,-86.00609
Asclepias syriaca,40.28681,-96.83133
Asclepias syriaca,40.72609,-74.69901
Asclepias syriaca,40.28782,-96.83331
Asclepias syriaca,41.00899,-81.95316
Asclepias syriaca,39.63918,-75.7219
Asclepias syriaca,36.22342,-95.90308
Asclepias syriaca,38.93912,-77.26499
Asclepias syriaca,38.80221,-77.55292
Asclepias syriaca,41.69419,-87.6083
Asclepias syriaca,43.93857,-72.96051
Asclepias syriaca,39.70166,-91.58178
Asclepias syriaca,41.21479,-81.57895
Asclepias syriaca,41.14265,-81.60762
Asclepias syriaca,45.4458,-75.65226
Asclepias syriaca,38.89108,-77.17914
Asclepias syriaca,45.22345,-92.85725
Asclepias syriaca,39.02546,-77.0378
Asclepias syriaca,40.59433,-74.559
Asclepias syriaca,40.65486,-74.5022
Asclepias syriaca,44.18127,-94.02768
Asclepias syriaca,40.52501,-74.39794
Asclepias syriaca,41.31997,-72.56451
Asclepias syriaca,44.21275,-72.49318
Asclepias syriaca,41.20247,-74.56456
Asclepias syriaca,43.06778,-76.2871
Asclepias syriaca,40.62637,-74.5744
Asclepias syriaca,39.99506,-75.99746
Asclepias syriaca,40.56533,-74.87379
Asclepias syriaca,39.06063,-78.11679
Asclepias syriaca,44.08247,-92.47381
Asclepias syriaca,44.0395,-92.50551
Asclepias syriaca,44.31575,-72.49223
Asclepias syriaca,39.84163,-82.86786
Asclepias syriaca,41.87503,-71.32047
Asclepias syriaca,42.91941,-73.0602
Asclepias syriaca,43.83689,-76.26513
Asclepias syriaca,41.36546,-88.32551
Asclepias syriaca,44.86051,-93.21724
Asclepias syriaca,40.09993,-82.771
Asclepias syriaca,41.01239,-96.28988
Asclepias syriaca,42.60687,-79.10553
Asclepias syriaca,45.77833,-89.518
Asclepias syriaca,40.81106,-96.66999
Asclepias syriaca,41.44185,-83.0121
Asclepias syriaca,41.16798,-96.14016
Asclepias syriaca,46.95786,-95.65396
Asclepias syriaca,42.25239,-71.33364
Asclepias syriaca,39.45246,-76.0075
Asclepias syriaca,39.41836,-76.62246
Asclepias syriaca,40.81109,-96.67012
Asclepias syriaca,40.81109,-96.6702
Asclepias syriaca,40.81109,-96.6702
Asclepias syriaca,42.80839,-70.86038
Asclepias syriaca,42.80839,-70.86038
Asclepias syriaca,40.81093,-96.66753
Asclepias syriaca,40.81118,-96.67
Asclepias syriaca,40.81117,-96.66997
Asclepias syriaca,41.18608,-96.12262
Asclepias syriaca,40.81139,-96.66996
Asclepias syriaca,40.81117,-96.66999
Asclepias syriaca,46.2716,-94.33742
Asclepias syriaca,40.6938,-96.8534
Asclepias syriaca,41.30375,-72.55541
Asclepias syriaca,41.6075,-87.53639
Asclepias syriaca,40.81119,-96.66984
Asclepias syriaca,38.84245,-77.64372
Asclepias syriaca,41.11527,-82.05976
Asclepias syriaca,40.77327,-96.77541
Asclepias syriaca,40.85814,-96.70323
Asclepias syriaca,40.77429,-96.77642
Asclepias syriaca,38.84975,-77.65581
Asclepias syriaca,40.77181,-96.77555
Asclepias syriaca,38.84575,-77.64881
Asclepias syriaca,38.85077,-77.64804
Asclepias syriaca,38.8497,-77.65585
Asclepias syriaca,38.84969,-77.65573
Asclepias syriaca,38.84992,-77.64601
Asclepias syriaca,38.84965,-77.65585
Asclepias syriaca,41.00441,-81.97695
Asclepias syriaca,40.77893,-96.63763
Asclepias syriaca,40.77973,-96.63701
Asclepias syriaca,40.77894,-96.63764
Asclepias syriaca,40.77972,-96.63699
Asclepias syriaca,40.77892,-96.63768
Asclepias syriaca,40.69268,-96.85115
Asclepias syriaca,41.14265,-81.60762
Asclepias syriaca,43.93671,-91.41464
Asclepias syriaca,43.12159,-89.45184
Asclepias syriaca,37.73922,-97.26382
Asclepias syriaca,37.74323,-97.26485
Asclepias syriaca,45.5943,-94.39046
Asclepias syriaca,44.09084,-69.14666
Asclepias syriaca,41.10336,-81.48632
Asclepias syriaca,45.44112,-95.28026
Asclepias syriaca,42.29356,-93.16406
Asclepias syriaca,47.04018,-65.74219
Asclepias syriaca,40.15066,-82.75943
Asclepias syriaca,45.2375,-86.98611
Asclepias syriaca,41.14574,-81.82777
Asclepias syriaca,36.25687,-87.18435
Asclepias syriaca,41.76204,-81.2845
Asclepias syriaca,39.9205,-89.81598
Asclepias syriaca,41.71019,-88.3911
Asclepias syriaca,40.35645,-82.60204
Asclepias syriaca,40.19915,-82.72835
Asclepias syriaca,38.95901,-94.8478
Asclepias syriaca,35.13868,-85.91123
Asclepias syriaca,38.93467,-77.28117
Asclepias syriaca,36.01937,-86.86412
Asclepias syriaca,44.51786,-92.94576
Asclepias syriaca,44.46585,-93.1538
Asclepias syriaca,39.35063,-82.03788
Asclepias syriaca,42.17321,-71.21309
Asclepias syriaca,37.37628,-88.93068
Asclepias syriaca,41.26471,-72.73493
Asclepias syriaca,42.00263,-70.02997
Asclepias syriaca,43.08118,-89.42603
Asclepias syriaca,42.97125,-76.34451
Asclepias syriaca,44.28493,-72.4814
Asclepias syriaca,45.17088,-92.76129
Asclepias syriaca,41.96326,-87.69225
Asclepias syriaca,41.96321,-87.6923
Asclepias syriaca,42.50312,-71.49028
Asclepias syriaca,44.45585,-73.22112
Asclepias syriaca,43.13084,-88.91615
Asclepias syriaca,43.04432,-76.72088
Asclepias syriaca,43.14732,-88.87718
Asclepias syriaca,41.77192,-87.86193
Asclepias syriaca,41.98062,-87.73913
Asclepias syriaca,40.18983,-90.07035
Asclepias syriaca,40.18998,-90.07043
Asclepias syriaca,40.18992,-90.07059
Asclepias syriaca,39.98455,-90.37826
Asclepias syriaca,43.08929,-89.44043
Asclepias syriaca,41.68909,-70.00557
Asclepias syriaca,45.45943,-76.26632
Asclepias syriaca,45.45943,-76.26632
Asclepias syriaca,43.79269,-72.26093
Asclepias syriaca,42.97944,-73.85639
Asclepias syriaca,40.61142,-74.91853
Asclepias syriaca,38.85048,-77.64638
Asclepias syriaca,42.30132,-83.73038
Asclepias syriaca,44.01468,-96.32084
Asclepias syriaca,43.02648,-89.34118
Asclepias syriaca,38.98851,-77.97069
Asclepias syriaca,39.64945,-89.82497
Asclepias syriaca,35.98756,-79.05672
Asclepias syriaca,41.83829,-87.7982
Asclepias syriaca,43.82111,-72.1917
Asclepias syriaca,41.79892,-88.16572
Asclepias syriaca,40.18051,-88.43369
Asclepias syriaca,40.08693,-88.21431
Asclepias syriaca,40.51534,-74.22865
Asclepias syriaca,39.82541,-89.01829
Asclepias syriaca,45.44765,-75.65631
Asclepias syriaca,42.08379,-87.85999
Asclepias syriaca,35.89157,-79.05573
Asclepias syriaca,45.35159,-85.18786
Asclepias syriaca,43.08961,-89.43212
Asclepias syriaca,41.18221,-81.64899
Asclepias syriaca,45.35044,-85.17967
Asclepias syriaca,35.89098,-79.05785
Asclepias syriaca,40.58397,-73.88571
Asclepias syriaca,38.99346,-77.9513
Asclepias syriaca,43.10532,-71.67947
Asclepias syriaca,44.15928,-72.5939
Asclepias syriaca,41.96328,-87.6916
Asclepias syriaca,39.09616,-96.61411
Asclepias syriaca,41.37448,-81.57159
Asclepias syriaca,42.73006,-84.37704
Asclepias syriaca,45.33883,-75.74985
Asclepias syriaca,41.55173,-88.00497
Asclepias syriaca,41.94988,-87.85442
Asclepias syriaca,45.44641,-75.65225
Asclepias syriaca,41.71119,-72.70893
Asclepias syriaca,41.75663,-72.65501
Asclepias syriaca,41.77874,-72.66434
Asclepias syriaca,41.77874,-72.66434
Asclepias syriaca,41.72768,-72.59164
Asclepias syriaca,41.75689,-72.65371
Asclepias syriaca,41.75731,-72.65398
Asclepias syriaca,41.73056,-72.66017
Asclepias syriaca,41.70028,-72.70934
Asclepias syriaca,39.99505,-82.42072
Asclepias syriaca,39.99647,-82.42083
Asclepias syriaca,37.0498,-80.11826
Asclepias syriaca,43.67228,-72.28306
Asclepias syriaca,45.40445,-75.71289
Asclepias syriaca,40.65093,-96.98405
Asclepias syriaca,39.70803,-75.81093
Asclepias syriaca,44.47168,-73.19514
Asclepias syriaca,41.96297,-87.63195
Asclepias syriaca,41.25861,-77.71759
Asclepias syriaca,42.16325,-71.14188
Asclepias syriaca,39.33197,-77.75213
Asclepias syriaca,38.7697,-77.0479
Asclepias syriaca,38.7697,-77.04794
Asclepias syriaca,41.19137,-96.16983
Asclepias syriaca,40.65295,-96.98426
Asclepias syriaca,40.65286,-96.98421
Asclepias syriaca,41.16732,-96.1217
Asclepias syriaca,39.278,-77.286
Asclepias syriaca,43.62436,-72.50445
Asclepias syriaca,41.88134,-87.62217
Asclepias syriaca,41.25699,-73.45677
Asclepias syriaca,41.25369,-73.45651
Asclepias syriaca,41.6947,-87.60865
Asclepias syriaca,38.93776,-77.26151
Asclepias syriaca,41.69415,-87.60818
Asclepias syriaca,41.25794,-73.45557
Asclepias syriaca,41.30613,-81.42836
Asclepias syriaca,41.61399,-87.27665
Asclepias syriaca,45.1565,-75.70262
Asclepias syriaca,40.85191,-81.34944
Asclepias syriaca,43.26711,-72.86886
Asclepias syriaca,43.80597,-72.26055
Asclepias syriaca,38.91771,-77.06649
Asclepias syriaca,38.99091,-76.92248
Asclepias syriaca,44.09891,-86.45588
Asclepias syriaca,39.51293,-79.40551
Asclepias syriaca,41.2127,-81.54368
Asclepias syriaca,39.65057,-89.82636
Asclepias syriaca,43.82969,-79.27307
Asclepias syriaca,44.42123,-73.17
Asclepias syriaca,43.38535,-80.95973
Asclepias syriaca,43.05685,-77.58124
Asclepias syriaca,43.01397,-72.45204
Asclepias syriaca,44.35044,-72.52834
Asclepias syriaca,44.35091,-72.52821
Asclepias syriaca,40.522,-74.43933
Asclepias syriaca,40.47672,-74.43362
Asclepias syriaca,41.44891,-81.36845
Asclepias syriaca,44.16201,-75.0478
Asclepias syriaca,37.53352,-96.50497
Asclepias syriaca,45.54122,-95.51421
Asclepias syriaca,38.6917,-75.5999
Asclepias syriaca,38.8347,-75.7036
Asclepias syriaca,39.0686,-76.6506
Asclepias syriaca,38.4125,-75.2119
Asclepias syriaca,40.5,-84.9358
Asclepias syriaca,38.6094,-75.8331
Asclepias syriaca,38.5772,-76.8308
Asclepias syriaca,38.4558,-75.2061
Asclepias syriaca,39.0128,-76.0761
Asclepias syriaca,38.7268,-75.9131
Asclepias syriaca,38.9997,-76.4811
Asclepias syriaca,42.4979,-88.3137
Asclepias syriaca,42.2656,-88.2861
Asclepias syriaca,44.21241,-72.79292
Asclepias syriaca,41.38434,-88.17203
Asclepias syriaca,47.04018,-65.74219
Asclepias syriaca,43.63078,-79.43312
Asclepias syriaca,46.75,-71.81667
Asclepias syriaca,46.65,-70.8
Asclepias syriaca,45.11667,-75.91667
Asclepias syriaca,45.95,-73.56667
Asclepias syriaca,45.85,-73.6
Asclepias syriaca,45.96667,-73.71667
Asclepias syriaca,46.13333,-73.51667
Asclepias syriaca,45.85,-73.48333
Asclepias syriaca,45.95,-73.56667
Asclepias syriaca,45.7,-73.91667
Asclepias syriaca,45.7,-73.91667
Asclepias syriaca,45.95,-73.56667
Asclepias syriaca,45.95,-73.56667
Asclepias syriaca,45.85,-73.76667
Asclepias syriaca,46.18333,-73.13333
Asclepias syriaca,45.95,-73.56667
Asclepias syriaca,45.81667,-73.9
Asclepias syriaca,45.76667,-73.98333
Asclepias syriaca,45.81667,-73.9
Asclepias syriaca,45.63333,-73.98333
Asclepias syriaca,46.13333,-73.51667
Asclepias syriaca,45.96667,-72.55
Asclepias syriaca,45.85,-76.23333
Asclepias syriaca,45.65,-72.76667
Asclepias syriaca,45.38333,-72.21667
Asclepias syriaca,45.38333,-71.98333
Asclepias syriaca,45.61667,-72.95
Asclepias syriaca,46.8,-71.35
Asclepias syriaca,46.76667,-71.25
Asclepias syriaca,45.83333,-73.41667
Asclepias syriaca,46.03333,-71.91667
Asclepias syriaca,47.35,-70
Asclepias syriaca,46.78333,-71.3
Asclepias syriaca,46.75,-71.46667
Asclepias syriaca,46.21667,-72.61667
Asclepias syriaca,46.75,-71.23333
Asclepias syriaca,46.75,-71.23333
Asclepias syriaca,46.78333,-71.3
Asclepias syriaca,46.75,-71.46667
Asclepias syriaca,46.78333,-71.3
Asclepias syriaca,46.76667,-71.26667
Asclepias syriaca,48.25,-72.2
Asclepias syriaca,48.43333,-72.06667
Asclepias syriaca,48.43333,-72.06667
Asclepias syriaca,46.75,-71.26667
Asclepias syriaca,46.78333,-71.23333
Asclepias syriaca,46.91667,-70.96667
Asclepias syriaca,46.91667,-70.96667
Asclepias syriaca,46.8,-71.18333
Asclepias syriaca,45.53333,-73.51667
Asclepias syriaca,45.43333,-73.05
Asclepias syriaca,45.43333,-73.05
Asclepias syriaca,45.43333,-73.16667
Asclepias syriaca,45.86667,-71.33333
Asclepias syriaca,46.76667,-71.26667
Asclepias syriaca,46.86667,-72.35
Asclepias syriaca,45.4,-71.9
Asclepias syriaca,45.23333,-71.81667
Asclepias syriaca,46.86667,-71.01667
Asclepias syriaca,47,-70.73333
Asclepias syriaca,46.8,-71.23333
Asclepias syriaca,46.85,-71.2
Asclepias syriaca,47.01667,-70.91667
Asclepias syriaca,46.86667,-71.01667
Asclepias syriaca,46.26667,-72.5
Asclepias syriaca,45.28333,-72.98333
Asclepias syriaca,45.51667,-73.7
Asclepias syriaca,48.46667,-67.43333
Asclepias syriaca,47.1,-70.35
Asclepias syriaca,45.96667,-73.21667
Asclepias syriaca,45.85,-73.75
Asclepias syriaca,40.9868,-90.0929
Asclepias syriaca,39.15888,-91.04027
Asclepias syriaca,38.48333,-90.81666
Asclepias syriaca,38.2946,-90.423
Asclepias syriaca,38.125,-90.675
Asclepias syriaca,38.125,-90.675
Asclepias syriaca,38.125,-90.675
Asclepias syriaca,37.2,-89.55
Asclepias syriaca,40.642,-88.914
Asclepias syriaca,38.61805,-90.36805
Asclepias syriaca,38.47,-90.82
Asclepias syriaca,38.87222,-90.19444
Asclepias syriaca,37.95,-90.56666
Asclepias syriaca,37.83333,-91.2
Asclepias syriaca,38.53861,-90.50138
Asclepias syriaca,37.195,-93.286
Asclepias syriaca,37.54138,-92.51194
Asclepias syriaca,37.84916,-93.01138
Asclepias syriaca,38.77,-92
Asclepias syriaca,39.06638,-91.64333
Asclepias syriaca,36.83944,-91.77778
Asclepias syriaca,37.55444,-90.85139
Asclepias syriaca,38.99611,-90.9075
Asclepias syriaca,40.33944,-92.08944
Asclepias syriaca,36.82333,-89.31889
Asclepias syriaca,39.25833,-94.22166
Asclepias syriaca,37.91333,-90.91444
Asclepias syriaca,38.23472,-90.42583
Asclepias syriaca,37.77555,-92.16361
Asclepias syriaca,38.48,-90.82
Asclepias syriaca,37.88638,-90.31666
Asclepias syriaca,40.14361,-92.00916
Asclepias syriaca,38.71305,-90.6875
Asclepias syriaca,39.51138,-91.15138
Asclepias syriaca,40.21805,-92.94083
Asclepias syriaca,40.45277,-92.60194
Asclepias syriaca,39.49361,-92.63611
Asclepias syriaca,40.32861,-91.50388
Asclepias syriaca,38.578,-90.773
Asclepias syriaca,38.85,-92.8
Asclepias syriaca,39.05,-91.88333
Asclepias syriaca,40.19472,-92.58305
Asclepias syriaca,35.49,-82.62305
Asclepias syriaca,36.7569,-90.3928
Asclepias syriaca,39.15556,-94.39333
Asclepias syriaca,38.77448,-92.25713
Asclepias syriaca,38.8125,-90.39167
Asclepias syriaca,42.07865,-93.64022
Asclepias syriaca,36.275,-81.8375
Asclepias syriaca,38.16666,-90.7
Asclepias syriaca,37.52416,-94.55333
Asclepias syriaca,38.6713,-90.1456
Asclepias syriaca,38.16666,-90.7
Asclepias syriaca,37.42555,-88.96055
Asclepias syriaca,38.62472,-90.69389
Asclepias syriaca,38.53139,-75.83667
Asclepias syriaca,38.70983,-75.53185
Asclepias syriaca,38.70972,-75.97992
Asclepias syriaca,38.70769,-75.90328
Asclepias syriaca,38.76192,-76.14511
Asclepias syriaca,39.00114,-75.78931
Asclepias syriaca,38.71622,-75.31206
Asclepias syriaca,38.99978,-76.48103
Asclepias syriaca,38.34019,-75.10878
Asclepias syriaca,38.96944,-76.24281
Asclepias syriaca,38.68144,-75.89775
Asclepias syriaca,38.95125,-76.06925
Asclepias syriaca,39.16883,-76.73267
Asclepias syriaca,38.57667,-92.17333
Asclepias syriaca,45.17306,-90.63778
Asclepias syriaca,42.3725,-97.35111
Asclepias syriaca,43.7424,-73.5878
Asclepias syriaca,37.90056,-84.26833
Asclepias syriaca,37.90056,-84.26833
Asclepias syriaca,38.5369,-90.8681
Asclepias syriaca,38.47444,-90.81194
Asclepias syriaca,38.61722,-90.26389
Asclepias syriaca,38.4675,-90.8203
Asclepias syriaca,40.25639,-91.53417
Asclepias syriaca,37.19722,-91.37833
Asclepias syriaca,40.0681,-94.98
Asclepias syriaca,39.6501,-92.5124
Asclepias syriaca,37.44457,-89.48629
Asclepias syriaca,45.59431,-94.39434
Asclepias syriaca,40.66086,-74.65121
Asclepias syriaca,42.99069,-72.52745
Asclepias syriaca,43.70373,-73.03516
Asclepias syriaca,43.79142,-79.14531
Asclepias syriaca,43.62505,-72.54382
Asclepias syriaca,43.62868,-72.54012
Asclepias syriaca,42.99173,-72.53195
Asclepias syriaca,42.99046,-72.52924
Asclepias syriaca,44.82847,-73.077
Asclepias syriaca,39.05407,-76.69966
Asclepias syriaca,44.65736,-72.67884
Asclepias syriaca,44.28627,-72.26521
Asclepias syriaca,43.86876,-73.10879
Asclepias syriaca,42.00289,-87.78253
Asclepias syriaca,45.40929,-75.54745
Asclepias syriaca,44.28807,-72.40429
Asclepias syriaca,43.68962,-72.32208
Asclepias syriaca,43.81516,-80.01272
Asclepias syriaca,44.29274,-72.52383
Asclepias syriaca,41.39027,-81.69562
Asclepias syriaca,44.33316,-72.76017
Asclepias syriaca,44.188,-72.20942
Asclepias syriaca,44.6665,-73.33962
Asclepias syriaca,43.3449,-72.50186
Asclepias syriaca,44.40727,-72.42785
Asclepias syriaca,43.45872,-72.98266
Asclepias syriaca,45.50186,-75.49771
Asclepias syriaca,44.37836,-72.45244
Asclepias syriaca,43.48864,-72.39241
Asclepias syriaca,44.45783,-72.32548
Asclepias syriaca,44.35067,-72.51182
Asclepias syriaca,44.36946,-72.51007
Asclepias syriaca,43.34562,-72.98032
Asclepias syriaca,44.66725,-73.3398
Asclepias syriaca,43.63695,-72.53033
Asclepias syriaca,44.6699,-72.36187
Asclepias syriaca,44.25463,-72.59158
Asclepias syriaca,44.34088,-72.46131
Asclepias syriaca,44.13817,-72.65018
Asclepias syriaca,44.34088,-72.46131
Asclepias syriaca,45.59425,-73.56845
Asclepias syriaca,45.51667,-73.65
Asclepias syriaca,45.47414,-72.75095
Asclepias syriaca,41.83418,-87.82801
Asclepias syriaca,41.38894,-81.69587
Asclepias syriaca,45.44605,-75.6536
Asclepias syriaca,43.28883,-76.64007
Asclepias syriaca,45.86872,-77.75767
Asclepias syriaca,45.28301,-75.87747
Asclepias syriaca,41.95,-88.4333
Asclepias syriaca,41.4333,-87.9667
Asclepias syriaca,41.8333,-88.0833
Asclepias syriaca,42.66848,-88.54192
Asclepias syriaca,41.8333,-88.0833
Asclepias syriaca,41.85,-87.65
Asclepias syriaca,41.8333,-88.0833
Asclepias syriaca,41.85,-87.7833
Asclepias syriaca,41.85,-87.65
Asclepias syriaca,41.85,-87.65
Asclepias syriaca,42.0333,-87.6833
Asclepias syriaca,42.0333,-87.7667
Asclepias syriaca,41.85,-87.65
Asclepias syriaca,41.8333,-87.85
Asclepias syriaca,41.85,-87.65
Asclepias syriaca,41.85,-87.65
Asclepias syriaca,45.57562,-78.71601
Asclepias syriaca,36.25431,-79.75451
Asclepias syriaca,44.28141,-72.50454
Asclepias syriaca,43.58261,-72.96901
Asclepias syriaca,44.44229,-73.17447
Asclepias syriaca,43.64175,-72.51057
Asclepias syriaca,44.3221,-72.5776
Asclepias syriaca,45.37336,-75.79095
Asclepias syriaca,43.27843,-77.06009
Asclepias syriaca,44.33246,-72.50479
Asclepias syriaca,43.62047,-72.5051
Asclepias syriaca,44.1855,-72.5952
Asclepias syriaca,44.18927,-72.5948
Asclepias syriaca,45.37157,-75.79316
Asclepias syriaca,44.2856,-72.57283
Asclepias syriaca,42.80236,-84.44497
Asclepias syriaca,43.01085,-73.64417
Asclepias syriaca,41.78921,-81.17674
Asclepias syriaca,43.625,-73.36702
Asclepias syriaca,42.33848,-71.03996
Asclepias syriaca,40.1175,-82.79848
Asclepias syriaca,42.06249,-71.07721
Asclepias syriaca,45.50305,-75.49605
Asclepias syriaca,42.47928,-76.451
Asclepias syriaca,43.43924,-88.02417
Asclepias syriaca,43.52494,-72.78328
Asclepias syriaca,43.62096,-72.54304
Asclepias syriaca,43.51786,-73.24635
Asclepias syriaca,44.81639,-91.94806
Asclepias syriaca,40.27324,-74.58183
Asclepias syriaca,45.51256,-73.44407
Asclepias syriaca,42.40247,-76.51155
Asclepias syriaca,44.48629,-73.12648
Asclepias syriaca,43.71098,-72.99287
Asclepias syriaca,44.58944,-73.31313
Asclepias syriaca,37.14871,-80.53818
Asclepias syriaca,35.19012,-85.87314
Asclepias syriaca,41.37752,-88.11999
Asclepias syriaca,39.23789,-82.33971
Asclepias syriaca,42.36139,-71.71917
Asclepias syriaca,19.42917,-99.58389
Asclepias syriaca,23.95056,-102.53278
Asclepias syriaca,16.93556,-96.21083
Asclepias syriaca,44.02398,-73.19255
Asclepias syriaca,41.84054,-87.90225
Asclepias syriaca,40.52297,-74.44047
Asclepias syriaca,41.69728,-72.48309
Asclepias syriaca,45.49937,-75.4846
Asclepias syriaca,42.05897,-71.08455
Asclepias syriaca,39.95549,-75.5429
Asclepias syriaca,43.5932,-79.51365
Asclepias syriaca,40.47909,-74.42856
Asclepias syriaca,40.47639,-74.43376
Asclepias syriaca,44.40034,-72.42484
Asclepias syriaca,41.01162,-81.4009
Asclepias syriaca,39.82432,-75.67349
Asclepias syriaca,45.02562,-75.46716
Asclepias syriaca,40.4845,-74.4312
Asclepias syriaca,40.4758,-74.4288
Asclepias syriaca,40.15202,-76.59053
Asclepias syriaca,43.71179,-73.02454
Asclepias syriaca,44.61263,-73.21391
Asclepias syriaca,44.24765,-69.09007
Asclepias syriaca,40.65321,-80.07949
Asclepias syriaca,42.25262,-71.3333
Asclepias syriaca,42.25214,-71.33449
Asclepias syriaca,44.56611,-68.80337
Asclepias syriaca,41.51163,-81.6133
Asclepias syriaca,44.25028,-72.5644
Asclepias syriaca,45.50115,-75.49888
Asclepias syriaca,44.01447,-96.32365
Asclepias syriaca,44.5522,-73.00644
Asclepias syriaca,44.36937,-72.43826
Asclepias syriaca,38.95964,-77.05156
Asclepias syriaca,42.81157,-72.56584
Asclepias syriaca,41.41694,-73.95358
Asclepias syriaca,36.03124,-79.05605
Asclepias syriaca,43.43936,-88.02384
Asclepias syriaca,40.77447,-96.77656
Asclepias syriaca,40.77592,-73.99204
Asclepias syriaca,39.22391,-76.74157
Asclepias syriaca,32.31,-64.76167
Asclepias syriaca,32.31,-64.76167
Asclepias syriaca,41.61024,-74.33564
Asclepias syriaca,38,-98
Asclepias syriaca,41.28542,-81.22424
Asclepias syriaca,24.1267,-102.5683
Asclepias syriaca,39.13006,-77.16769
Asclepias syriaca,27.95559,-82.46338
Asclepias syriaca,40.84706,-77.56377
Asclepias syriaca,29.03246,-80.92667
Asclepias syriaca,39.13006,-77.16769
Asclepias syriaca,40.84706,-77.56377
Asclepias syriaca,41.61024,-74.33564
Asclepias syriaca,39.13006,-77.16769
Asclepias syriaca,46.38333,-75.01667
Asclepias syriaca,43.06667,-89.43333
Asclepias syriaca,36.23333,-81.7
Asclepias syriaca,44.81667,-79.4
Asclepias syriaca,37.21283,-75.89356
Asclepias syriaca,39.13006,-77.16769
Asclepias syriaca,42.56667,-88.53333
Asclepias syriaca,32.36667,-91.25
Asclepias syriaca,42.41535,-76.49506
Asclepias syriaca,41.61024,-74.33564
Asclepias syriaca,41.41667,-74.31667
Asclepias syriaca,43.01667,-80.36667
Asclepias syriaca,39.46667,-76.65
Asclepias syriaca,45.73333,-84.81667
Asclepias syriaca,47.33333,-95.81667
Asclepias syriaca,40.63858,-74.45108
Asclepias syriaca,41.96766,-70.04883
Asclepias syriaca,30.66667,-91.68333
Asclepias syriaca,41.86667,-71.45
Asclepias syriaca,37.53697,-97.67924
Asclepias syriaca,44.32871,-72.50126
Asclepias syriaca,41.17788,-88.93915
Asclepias syriaca,36.33283,-81.69584
Asclepias syriaca,43.56602,-79.67199
Asclepias syriaca,43.62576,-72.94559
Asclepias syriaca,40.81084,-96.66758
Asclepias syriaca,40.81084,-96.66758
Asclepias syriaca,41.23759,-89.33121
Asclepias syriaca,41.1391,-81.57435
Asclepias syriaca,45.49918,-75.4845
Asclepias syriaca,46.04943,-61.43715
Asclepias syriaca,44.00983,-96.32104
Asclepias syriaca,39.56489,-77.59767
Asclepias syriaca,41.61602,-70.55035
Asclepias syriaca,39.59801,-79.95695
Asclepias syriaca,44.39712,-68.208
Asclepias syriaca,42.1733,-82.82976
Asclepias syriaca,46.78231,-71.2532
Asclepias syriaca,46.66731,-86.01247
Asclepias syriaca,46.65687,-86.03117
Asclepias syriaca,38.84925,-77.65541
Asclepias syriaca,44.33494,-73.25236
Asclepias syriaca,45.44642,-75.65224
Asclepias syriaca,44.34933,-73.00117
Asclepias syriaca,45.2842,-75.87601
Asclepias syriaca,45.28312,-75.87738
Asclepias syriaca,43.69583,-72.31947
Asclepias syriaca,43.05377,-87.96679
Asclepias syriaca,43.62992,-72.53849
Asclepias syriaca,44.4245,-72.76833
Asclepias syriaca,36.62817,-87.13924
Asclepias syriaca,44.91693,-83.80707
Asclepias syriaca,49.68494,-112.851
Asclepias syriaca,44.35721,-72.54352
Asclepias syriaca,43.14873,-88.88178
Asclepias syriaca,43.84007,-72.968
Asclepias syriaca,40.09138,-88.29332
Asclepias syriaca,43.626,-72.94576
Asclepias syriaca,42.73037,-77.76558
Asclepias syriaca,42.1447,-87.78804
Asclepias syriaca,44.56194,-78.32103
Asclepias syriaca,41.60667,-87.68646
Asclepias syriaca,41.43842,-72.77997
Asclepias syriaca,44.75753,-91.7358
Asclepias syriaca,43.48721,-73.02714
Asclepias syriaca,43.63264,-72.5186
Asclepias syriaca,45.9661,-66.64492
Asclepias syriaca,43.7094,-73.03352
Asclepias syriaca,45.77673,-89.51617
Asclepias syriaca,44.59454,-79.49295
Asclepias syriaca,45.44635,-75.65226
Asclepias syriaca,44.23674,-76.50183
Asclepias syriaca,44.46659,-80.17493
Asclepias syriaca,44.34187,-80.21017
Asclepias syriaca,44.41579,-80.07943
Asclepias syriaca,45.94534,-81.59973
Asclepias syriaca,45.36042,-75.73517
Asclepias syriaca,45.44608,-75.65349
Asclepias syriaca,44.72871,-91.86914
Asclepias syriaca,42.83096,-72.62715
Asclepias syriaca,45.54017,-75.86748
Asclepias syriaca,45.44607,-75.65265
Asclepias syriaca,43.93591,-79.45326
Asclepias syriaca,41.71374,-72.48787
Asclepias syriaca,43.04459,-77.47754
Asclepias syriaca,44.94722,-91.78611
Asclepias syriaca,44.86327,-91.91684
Asclepias syriaca,43.62427,-72.50472
Asclepias syriaca,44.63638,-72.67018
Asclepias syriaca,41.00451,-81.97744
Asclepias syriaca,40.83061,-96.66519
Asclepias syriaca,41.80922,-72.26198
Asclepias syriaca,42.72793,-83.10085
Asclepias syriaca,42.05928,-87.84218
Asclepias syriaca,44.18865,-72.49194
Asclepias syriaca,44.45652,-76.3798
Asclepias syriaca,41.58066,-83.59356
Asclepias syriaca,39.50863,-79.26235
Asclepias syriaca,41.8349,-72.29513
Asclepias syriaca,35.58873,-82.47657
Asclepias syriaca,36.08955,-81.83568
Asclepias syriaca,35.54679,-82.47316
Asclepias syriaca,45.15722,-87.23889
Asclepias syriaca,40.78268,-73.92427
Asclepias syriaca,41.81362,-88.06184
Asclepias syriaca,43.70923,-79.3378
Asclepias syriaca,39.55583,-89.78893
Asclepias syriaca,41.09998,-81.90457
Asclepias syriaca,44.90803,-85.92871
Asclepias syriaca,44.86318,-73.29338
Asclepias syriaca,38.16698,-98.49522
Asclepias syriaca,42.14205,-87.78884
Asclepias syriaca,40.60376,-80.00984
Asclepias syriaca,41.38387,-88.17322
Asclepias syriaca,40.52543,-75.06174
Asclepias syriaca,39.09174,-79.44976
Asclepias syriaca,39.0088,-76.07539
Asclepias syriaca,44.25,-75.5
Asclepias syriaca,38.92943,-83.56699
Asclepias syriaca,41.45208,-73.6152
Asclepias syriaca,47.51251,-92.56153
Asclepias syriaca,40.77844,-73.96841
Asclepias syriaca,41.45208,-73.6152
Asclepias syriaca,38.79444,-75.69327
Asclepias syriaca,41.2139,-75.4111
Asclepias syriaca,41.4553,-75.8492
Asclepias syriaca,41.71029,-73.93803
Asclepias syriaca,41.71029,-73.93803
Asclepias syriaca,44.35169,-73.00658
Asclepias syriaca,44.35047,-73.00685
Asclepias syriaca,41.81539,-88.09133
Asclepias syriaca,41.77345,-87.86518
Asclepias syriaca,43.75036,-72.36883
Asclepias syriaca,40.53333,-78.06667
Asclepias syriaca,38.86667,-79.46667
Asclepias syriaca,42.45,-76.4667
Asclepias syriaca,42.45,-76.4667
Asclepias syriaca,41.3933,-88.17401
Asclepias syriaca,40.37858,-74.74901
Asclepias syriaca,40.40639,-74.49786
Asclepias syriaca,40.40654,-74.49801
Asclepias syriaca,42.83821,-72.74365
Asclepias syriaca,40.47648,-74.42086
Asclepias syriaca,40.47594,-74.42227
Asclepias syriaca,44.1412,-70.09157
Asclepias syriaca,40.44278,-76.64482
Asclepias syriaca,40.78643,-73.96661
Asclepias syriaca,40.66189,-74.65185
Asclepias syriaca,40.6353,-74.49072
Asclepias syriaca,40.20326,-74.91199
Asclepias syriaca,43.69167,-73.03506
Asclepias syriaca,43.78034,-73.09586
Asclepias syriaca,40.67454,-74.31661
Asclepias syriaca,40.60805,-74.58583
Asclepias syriaca,41.84513,-87.87053
Asclepias syriaca,41.80349,-87.80438
Asclepias syriaca,42.30372,-71.06644
Asclepias syriaca,42.79416,-86.10319
Asclepias syriaca,40.73382,-98.57836
Asclepias syriaca,41.079,-81.32506
Asclepias syriaca,38.87322,-76.94093
Asclepias syriaca,40.88286,-73.46049
Asclepias syriaca,45.69558,-112.49151
Asclepias syriaca,36.13572,-79.16195
Asclepias syriaca,39.65487,-84.22516
Asclepias syriaca,39.93165,-75.14657
Asclepias syriaca,43.69144,-73.02363
Asclepias syriaca,44.34317,-72.45718
Asclepias syriaca,41.29183,-82.22177
Asclepias syriaca,44.66881,-72.36617
Asclepias syriaca,44.32825,-72.50021
Asclepias syriaca,44.25621,-72.57427
Asclepias syriaca,44.42766,-72.4588
Asclepias syriaca,44.35446,-72.50062
Asclepias syriaca,42.19025,-79.96345
Asclepias syriaca,38.88953,-79.23962
Asclepias syriaca,36.19347,-86.65634
Asclepias syriaca,45.4268,-75.69844
Asclepias syriaca,41.3938,-82.04889
Asclepias syriaca,40.80024,-77.89589
Asclepias syriaca,49.56617,-97.01242
Asclepias syriaca,49.23293,-98.08605
Asclepias syriaca,42.53913,-78.38062
Asclepias syriaca,43.48314,-73.20741
Asclepias syriaca,43.59391,-73.19403
Asclepias syriaca,44.17836,-72.58697
Asclepias syriaca,44.50153,-72.63793
Asclepias syriaca,44.39722,-72.95725
Asclepias syriaca,44.33755,-72.35445
Asclepias syriaca,44.19045,-72.61109
Asclepias syriaca,43.62896,-72.93963
Asclepias syriaca,43.74367,-73.05093
Asclepias syriaca,44.22503,-73.05389
Asclepias syriaca,43.76493,-73.05084
Asclepias syriaca,38.95295,-75.93505
Asclepias syriaca,43.27664,-73.01007
Asclepias syriaca,44.02738,-73.17979
Asclepias syriaca,43.62539,-73.36906
Asclepias syriaca,43.91731,-73.17998
Asclepias syriaca,43.51647,-72.87669
Asclepias syriaca,41.30511,-72.92082
Asclepias syriaca,41.396,-72.9216
Asclepias syriaca,41.367,-72.717
Asclepias syriaca,41.3678,-72.2361
Asclepias syriaca,41.1932,-73.196
Asclepias syriaca,41.3504,-72.8598
Asclepias syriaca,41.7669,-72.7539
Asclepias syriaca,41.3114,-72.9247
Asclepias syriaca,41.30511,-72.92082
Asclepias syriaca,41.6523,-73.3145
Asclepias syriaca,41.3678,-72.2361
Asclepias syriaca,41.3965,-72.3438
Asclepias syriaca,41.6979,-72.088
Asclepias syriaca,41.24473,-72.7575
Asclepias syriaca,41.605,-72.88
Asclepias syriaca,41.6523,-73.3145
Asclepias syriaca,41.3775,-71.9014
Asclepias syriaca,41.3965,-72.3438
Asclepias syriaca,41.3965,-72.3438
Asclepias syriaca,41.407,-72.9316
Asclepias syriaca,41.6153,-72.1432
Asclepias syriaca,41.6523,-73.3145
Asclepias syriaca,41.667,-72.5968
Asclepias syriaca,41.30511,-72.92082
Asclepias syriaca,41.605,-72.88
Asclepias syriaca,44.08512,-73.34387
Asclepias syriaca,42.38943,-71.13545
Asclepias syriaca,43.48106,-73.20187
Asclepias syriaca,43.70244,-70.32427
Asclepias syriaca,42.42853,-71.18869
Asclepias syriaca,43.62008,-72.95684
Asclepias syriaca,42.80839,-70.86038
Asclepias syriaca,42.8084,-70.86038
Asclepias syriaca,42.8084,-70.86038
Asclepias syriaca,43.69806,-73.03365
Asclepias syriaca,39.92071,-89.81568
Asclepias syriaca,41.87086,-88.12304
Asclepias syriaca,42.40902,-71.03139
Asclepias syriaca,42.1412,-87.78717
Asclepias syriaca,42.0342,-87.79539
Asclepias syriaca,43.62264,-73.23306
Asclepias syriaca,44.32196,-80.06818
Asclepias syriaca,39.92132,-89.81648
Asclepias syriaca,40.42899,-74.86751
Asclepias syriaca,42.06423,-87.67522
Asclepias syriaca,43.33167,-86.22167
Asclepias syriaca,45.41861,-83.80639
Asclepias syriaca,41.83556,-86.34639
Asclepias syriaca,45.51333,-84.66667
Asclepias syriaca,44.11833,-86.35028
Asclepias syriaca,42.7325,-84.55556
Asclepias syriaca,42.29472,-85.30556
Asclepias syriaca,44.65917,-86.15639
Asclepias syriaca,42.73083,-84.47861
Asclepias syriaca,43.23417,-86.24833
Asclepias syriaca,43.38556,-84.83556
Asclepias syriaca,45.66472,-85.55722
Asclepias syriaca,43.6,-83.71667
Asclepias syriaca,42.29472,-85.30556
Asclepias syriaca,46.52389,-87.98417
Asclepias syriaca,42.56328,-85.11121
Asclepias syriaca,44.11833,-86.35028
Asclepias syriaca,42.73083,-84.47861
Asclepias syriaca,44.91444,-86.03694
Asclepias syriaca,43.775,-86.22361
Asclepias syriaca,45.56,-84.67778
Asclepias syriaca,42.37083,-85.38667
Asclepias syriaca,42.96083,-83.25694
Asclepias syriaca,42.37083,-85.38667
Asclepias syriaca,41.94806,-83.94389
Asclepias syriaca,45.51333,-84.66667
Asclepias syriaca,42.73694,-84.48389
Asclepias syriaca,43.73694,-83.46528
Asclepias syriaca,44.64167,-84.77028
Asclepias syriaca,46,-83.66667
Asclepias syriaca,45.58111,-84.69694
Asclepias syriaca,42.11278,-86.16667
Asclepias syriaca,42.68056,-83.13389
Asclepias syriaca,46.65,-88.36667
Asclepias syriaca,42.7325,-84.55556
Asclepias syriaca,45.71667,-85
Asclepias syriaca,42.40278,-85.40167
Asclepias syriaca,42.89583,-85.48667
Asclepias syriaca,45.03333,-83.65
Asclepias syriaca,41.76667,-86.25
Asclepias syriaca,42.27222,-84.96333
Asclepias syriaca,46.08528,-83.66028
Asclepias syriaca,42.73694,-84.48389
Asclepias syriaca,42.7325,-84.55556
Asclepias syriaca,43.23417,-86.24833
Asclepias syriaca,42.12694,-84.39167
Asclepias syriaca,45.82026,-88.0035
Asclepias syriaca,45.03333,-83.65
Asclepias syriaca,42.73083,-84.47861
Asclepias syriaca,43.24639,-85.67722
Asclepias syriaca,41.93611,-85.03389
Asclepias syriaca,42.76417,-84.37247
Asclepias syriaca,42.71411,-84.47758
Asclepias syriaca,44.0217,-77.7372
Asclepias syriaca,35.98987,-79.05521
Asclepias syriaca,42.8051,-85.9744
Asclepias syriaca,42.79241,-85.98876
Asclepias syriaca,42.79341,-86.10328
Asclepias syriaca,42.7923,-85.98869
Asclepias syriaca,43.34319,-72.9282
Asclepias syriaca,44.02728,-73.17965
Asclepias syriaca,37.99727,-91.61432
Asclepias syriaca,47.25089,-68.58827
Asclepias syriaca,42.79425,-86.1034
Asclepias syriaca,41.15917,-79.76667
Asclepias syriaca,42.36191,-85.58226
Asclepias syriaca,35.81133,-78.71659
Asclepias syriaca,42.92283,-76.78918
Asclepias syriaca,39.47728,-75.97664
Asclepias syriaca,44.66713,-73.345
Asclepias syriaca,37.96856,-78.89733
Asclepias syriaca,43.75422,-72.92033
Asclepias syriaca,42.29451,-71.43249
Asclepias syriaca,39.99514,-76.00256
Asclepias syriaca,44.44199,-73.16789
Asclepias syriaca,43.63412,-72.54116
Asclepias syriaca,43.63268,-72.54123
Asclepias syriaca,43.6312,-72.52158
Asclepias syriaca,43.439,-73.03217
Asclepias syriaca,41.16358,-81.59307
Asclepias syriaca,43.62432,-72.50506
Asclepias syriaca,44.47576,-73.22114
Asclepias syriaca,43.75387,-69.784
Asclepias syriaca,40.25433,-80.75092
Asclepias syriaca,35.61228,-82.56617
Asclepias syriaca,40.62621,-75.19059
Asclepias syriaca,44.33302,-72.57743
Asclepias syriaca,41.0116,-80.00594
Asclepias syriaca,44.51569,-73.00379
Asclepias syriaca,40.56374,-76.00478
Asclepias syriaca,40.68496,-80.10714
Asclepias syriaca,35.98625,-79.0586
Asclepias syriaca,44.03,-79.54
Asclepias syriaca,44.03,-79.54
Asclepias syriaca,44.03,-79.54
Asclepias syriaca,44.03,-79.54
Asclepias syriaca,44.03,-79.54
Asclepias syriaca,36.8032,-93.86919
Asclepias syriaca,40.89965,-83.90617
Asclepias syriaca,36.14556,-86.80265
Asclepias syriaca,36.14556,-86.80265
Asclepias syriaca,36.14556,-86.80265
Asclepias syriaca,43.46694,-95.43722
Asclepias syriaca,43.62586,-72.94565
Asclepias syriaca,42.40149,-71.19843
Asclepias syriaca,42.2153,-71.11871
Asclepias syriaca,42.88524,-88.50673
Asclepias syriaca,43.13234,-72.52547
Asclepias syriaca,39.24308,-76.59646
Asclepias syriaca,40.29858,-80.06918
Asclepias syriaca,42.21514,-71.11866
Asclepias syriaca,39.09928,-76.58361
Asclepias syriaca,43.58428,-73.41704
Asclepias syriaca,40.72475,-73.94373
Asclepias syriaca,41.68895,-86.96277
Asclepias syriaca,43.62936,-73.05588
Asclepias syriaca,43.58089,-73.0361
Asclepias syriaca,43.64713,-72.95755
Asclepias syriaca,43.64127,-72.89322
Asclepias syriaca,43.64794,-72.94862
Asclepias syriaca,43.45703,-73.01788
Asclepias syriaca,43.73439,-73.05222
Asclepias syriaca,43.74171,-73.04861
Asclepias syriaca,42.96906,-70.77154
Asclepias syriaca,49.18167,-97.94028
Asclepias syriaca,49.83589769,-97.15022588
Asclepias syriaca,49.56667,-96.56667
Asclepias syriaca,49.44017704,-96.98465673
Asclepias syriaca,50.16722,-98.19389
Asclepias syriaca,49.76639,-97.14722
Asclepias syriaca,49.88333,-97.15
Asclepias syriaca,49.07798,-96.72455
Asclepias syriaca,50.06222,-96.51611
Asclepias syriaca,49.83589769,-97.15022588
Asclepias syriaca,49.76667,-97.16667
Asclepias syriaca,49.20354,-96.945
Asclepias syriaca,49.7008889,-99.09728805
Asclepias syriaca,45.16667,-74.96667
Asclepias syriaca,41.06493,-76.20413
Asclepias syriaca,40.28878,-76.65475
Asclepias syriaca,44.32922,-73.11068
Asclepias syriaca,43.06687,-87.89056
Asclepias syriaca,46.22754,-89.32451
Asclepias syriaca,43.02257,-77.06231
Asclepias syriaca,42.93201,-88.03426
Asclepias syriaca,42.37649,-71.23561
Asclepias syriaca,40.53425,-89.00569
Asclepias syriaca,42.31245,-71.0359
Asclepias syriaca,42.31237,-71.03465
Asclepias syriaca,42.31435,-71.03922
Asclepias syriaca,42.31245,-71.0359
Asclepias syriaca,42.31245,-71.0359
Asclepias syriaca,41.81441,-88.08939
Asclepias syriaca,44.28798,-72.53438
Asclepias syriaca,41.77352,-87.87379
Asclepias syriaca,44.33043,-72.50407
Asclepias syriaca,44.40057,-72.48562
Asclepias syriaca,44.77838,-72.07406
Asclepias syriaca,44.4023,-72.99668
Asclepias syriaca,42.04963,-79.91411
Asclepias syriaca,44.52816,-71.81058
Asclepias syriaca,41.72974,-88.16957
Asclepias syriaca,42.17028,-80.10434
Asclepias syriaca,44.4787,-73.22175
Asclepias syriaca,42.809,-70.86083
Asclepias syriaca,40.21711,-84.67279
Asclepias syriaca,44.22585,-72.36881
Asclepias syriaca,42.21267,-87.89933
Asclepias syriaca,38.71646,-90.73945
Asclepias syriaca,38.66333,-89.3255
Asclepias syriaca,44.21517,-72.52806
Asclepias syriaca,43.61905,-72.95762
Asclepias syriaca,43.6212,-72.9563
Asclepias syriaca,43.71317,-72.3195
Asclepias syriaca,42.04979,-80.1741
Asclepias syriaca,41.44534,-79.05755
Asclepias syriaca,41.18098,-81.65008
Asclepias syriaca,39.86117,-81.4535
Asclepias syriaca,44.32938,-72.57455
Asclepias syriaca,44.47011,-72.79866
Asclepias syriaca,44.26417,-72.55917
Asclepias syriaca,43.81533,-72.52583
Asclepias syriaca,43.62396,-72.54073
Asclepias syriaca,40.44478,-80.01529
Asclepias syriaca,43.82102,-72.40832
Asclepias syriaca,43.633,-72.5195
Asclepias syriaca,44.15646,-72.49244
Asclepias syriaca,43.61283,-72.5475
Asclepias syriaca,40.46384,-82.63789
Asclepias syriaca,43.75612,-92.00504
Asclepias syriaca,43.62383,-72.50667
Asclepias syriaca,44.29934,-72.55854
Asclepias syriaca,44.02742,-73.17988
Asclepias syriaca,43.06397,-72.54064
Asclepias syriaca,41.6907,-72.49435
Asclepias syriaca,43.11158,-72.5474
Asclepias syriaca,44.5211,-73.06243
Asclepias syriaca,41.262,-81.51967
Asclepias syriaca,38.60958,-77.27356
Asclepias syriaca,44.20859,-72.58259
Asclepias syriaca,41.3793,-81.52889
Asclepias syriaca,43.85283,-72.5895
Asclepias syriaca,41.83011,-88.73061
Asclepias syriaca,39.94478,-83.2688
Asclepias syriaca,44.47459,-72.69196
Asclepias syriaca,43.51633,-72.40117
Asclepias syriaca,44.38174,-72.43583
Asclepias syriaca,38.42505,-120.64228
Asclepias syriaca,44.01245,-73.16878
Asclepias syriaca,35.98434,-79.06123
Asclepias syriaca,35.99007,-79.05517
Asclepias syriaca,35.9904,-79.05421
Asclepias syriaca,40.47371,-79.91352
Asclepias syriaca,43.7335,-72.52933
Asclepias syriaca,43.6243,-72.50484
Asclepias syriaca,44.68267,-72.36233
Asclepias syriaca,44.28453,-72.57392
Asclepias syriaca,40.93533,-81.62683
Asclepias syriaca,45.02208,-93.3267
Asclepias syriaca,38.97166,-76.48524
Asclepias syriaca,41.00936,-81.39793
Asclepias syriaca,45.30579,-75.45669
Asclepias syriaca,42.7945,-87.905
Asclepias syriaca,44.28439,-72.57346
Asclepias syriaca,41.12599,-81.35438
Asclepias syriaca,44.48845,-73.1879
Asclepias syriaca,41.11373,-81.47123
Asclepias syriaca,41.21658,-81.52707
Asclepias syriaca,41.06042,-81.35507
Asclepias syriaca,41.24308,-81.54897
Asclepias syriaca,40.92917,-81.53083
Asclepias syriaca,38.98339,-76.4532
Asclepias syriaca,42.15773,-73.36936
Asclepias syriaca,42.7112,-73.1995
Asclepias syriaca,44.90182,-91.89222
Asclepias syriaca,38.62639,-77.54063
Asclepias syriaca,38.99104,-77.96276
Asclepias syriaca,43.71707,-72.99811
Asclepias syriaca,41.37855,-74.02895
Asclepias syriaca,41.19343,-81.69872
Asclepias syriaca,43.08133,-84.81583
Asclepias syriaca,31.2322,-93.25013
Asclepias syriaca,39.91484,-76.63011
Asclepias syriaca,38.86401,-92.30112
Asclepias syriaca,45.37401,-71.89305
Asclepias syriaca,46.87719,-96.7898
Asclepias syriaca,46.48833,-95.53222
Asclepias syriaca,38.17033,-95.73881
Asclepias syriaca,38.41957,-95.61831
Asclepias syriaca,38.19961,-95.81142
Asclepias syriaca,38.52583,-96.41333
Asclepias syriaca,38.49801,-96.32941
Asclepias syriaca,37.7566,-95.6973
Asclepias syriaca,38.34246,-96.01484
Asclepias syriaca,38.1328,-95.58346
Asclepias syriaca,44.89753,-85.41913
Asclepias syriaca,39.70395,-95.67674
Asclepias syriaca,38.4308,-95.51153
Asclepias syriaca,38.57931,-95.58517
Asclepias syriaca,44.02972,-79.53556
Asclepias syriaca,44.46667,-78.13333
Asclepias syriaca,44.85,-79.31667
Asclepias syriaca,43.73333,-79.38333
Asclepias syriaca,43.68333,-79.41667
Asclepias syriaca,43.73333,-79.38333
Asclepias syriaca,43.78333,-79.11667
Asclepias syriaca,44.11667,-78.78333
Asclepias syriaca,47.06667,-79.78333
Asclepias syriaca,44.28333,-79.66667
Asclepias syriaca,43.80158,-79.47364
Asclepias syriaca,43.89759,-79.52193
Asclepias syriaca,44.32713,-79.3218
Asclepias syriaca,44.32713,-79.3218
Asclepias syriaca,43.78845,-79.61346
Asclepias syriaca,38.22676,-95.2008
Asclepias syriaca,46.04917,-61.43722
Asclepias syriaca,45.61694,-72.35472
Asclepias syriaca,46.78501,-71.16789
Asclepias syriaca,46.7475,-71.33917
Asclepias syriaca,46.77694,-71.27556
Asclepias syriaca,46.78528,-71.27861
Asclepias syriaca,46.78167,-71.26833
Asclepias syriaca,46.785,-71.27056
Asclepias syriaca,46.80306,-71.20944
Asclepias syriaca,46.75056,-71.28972
Asclepias syriaca,46.78194,-71.26833
Asclepias syriaca,46.76583,-71.26556
Asclepias syriaca,46.8,-71.21667
Asclepias syriaca,46.1,-72.25
Asclepias syriaca,46.88194,-71.09028
Asclepias syriaca,46.85,-71.13333
Asclepias syriaca,47,-70.81667
Asclepias syriaca,41.595,-72.64527
Asclepias syriaca,41.81666,-72.24722
Asclepias syriaca,41.87138,-73.36222
Asclepias syriaca,42.29861,-71.12833
Asclepias syriaca,41.43972,-72.01555
Asclepias syriaca,42.38778,-72.57056
Asclepias syriaca,45.8061,-74.0128
Asclepias syriaca,45.5292,-73.4814
Asclepias syriaca,45.5,-73.6
Asclepias syriaca,45.5,-73.6
Asclepias syriaca,45.5,-73.6
Asclepias syriaca,45.69051,-65.34117
Asclepias syriaca,45.5525,-73.1555
Asclepias syriaca,45.69743,-73.47312
Asclepias syriaca,45.69743,-73.47312
Asclepias syriaca,45.03885,-73.67373
Asclepias syriaca,45.86667,-74.58333
Asclepias syriaca,45.5,-73.6
Asclepias syriaca,45.70972,-74.06111
Asclepias syriaca,45.12917,-72.23417
Asclepias syriaca,45.38917,-73.90139
Asclepias syriaca,46,-72.75
Asclepias syriaca,45.16667,-74.96667
Asclepias syriaca,45.8833,-67.4833
Asclepias syriaca,46.4,-75.03333
Asclepias syriaca,44.65887,-63.59057
Asclepias syriaca,45.35,-69.43333
Asclepias syriaca,45,-62
Asclepias syriaca,45,-62
Asclepias syriaca,45.01822,-64.87038
Asclepias syriaca,45.07662,-64.49592
Asclepias syriaca,44.57546,-65.63973
Asclepias syriaca,45.05293,-64.41276
Asclepias syriaca,41.75223,-72.72181
Asclepias syriaca,41.47611,-73.23694
Asclepias syriaca,41.27944,-73.02583
Asclepias syriaca,38.62722,-90.19777
Asclepias syriaca,40.48611,-74.45194
Asclepias syriaca,45.68027,-84.88416
Asclepias syriaca,39.40564,-76.5435
Asclepias syriaca,43.16861,-77.61583
Asclepias syriaca,42.36666,-72.56666
Asclepias syriaca,46.8,-67.71666
Asclepias syriaca,44.48,-72.24666
Asclepias syriaca,42.71194,-73.20361
Asclepias syriaca,41.31527,-72.06388
Asclepias syriaca,41.27388,-72.96833
Asclepias syriaca,41.72777,-72.84083
Asclepias syriaca,41.30444,-73.39333
Asclepias syriaca,41.70111,-72.67
Asclepias syriaca,41.4075,-72.1325
Asclepias syriaca,41.35416,-71.96694
Asclepias syriaca,41.82722,-73.25222
Asclepias syriaca,41.85466,-72.24389
Asclepias syriaca,41.78222,-72.61194
Asclepias syriaca,41.45305,-72.46166
Asclepias syriaca,41.98333,-73.42111
Asclepias syriaca,41.78833,-72.22944
Asclepias syriaca,41.35,-72.07833
Asclepias syriaca,41.20444,-73.12972
Asclepias syriaca,41.43972,-72.01555
Asclepias syriaca,41.43972,-72.01555
Asclepias syriaca,41.30833,-72.24333
Asclepias syriaca,41.80833,-72.25
Asclepias syriaca,41.91666,-72.45833
Asclepias syriaca,41.87138,-72.36916
Asclepias syriaca,41.3975,-72.34722
Asclepias syriaca,41.33,-72.045
Asclepias syriaca,41.6325,-72.24055
Asclepias syriaca,41.81666,-72.24722
Asclepias syriaca,41.18638,-73.19611
Asclepias syriaca,41.80083,-72.24138
Asclepias syriaca,41.76361,-72.685
Asclepias syriaca,41.30833,-72.24333
Asclepias syriaca,41.75472,-73.47833
Asclepias syriaca,41.33666,-72.9075
Asclepias syriaca,41.45583,-73.39722
Asclepias syriaca,41.65333,-73.31888
Asclepias syriaca,41.905,-72.70194
Asclepias syriaca,41.7175,-72.28194
Asclepias syriaca,43.75624,-71.6806
Asclepias syriaca,41.905,-72.70194
Asclepias syriaca,45.67638,-74.40444
Asclepias syriaca,41.82555,-72.24805
Asclepias syriaca,41.79166,-72.12694
Asclepias syriaca,42.14416,-74.49
Asclepias syriaca,41.76416,-72.43805
Asclepias syriaca,41.605,-72.87972
Asclepias syriaca,41.80833,-72.25
Asclepias syriaca,41.52,-72.00638
Asclepias syriaca,41.88527,-72.26194
Asclepias syriaca,41.80833,-72.25
Asclepias syriaca,41.55833,-73.0375
Asclepias syriaca,41.68694,-72.54527
Asclepias syriaca,41.80833,-72.25
Asclepias syriaca,42.77904,-91.88089
Asclepias syriaca,42.772,-85.683
Asclepias syriaca,40.13345,-95.2851
Asclepias syriaca,42.956,-92.53633
Asclepias syriaca,38.3667,-96.5917
Asclepias syriaca,43.97696,-97.07132
Asclepias syriaca,38.78333,-97.6495
Asclepias syriaca,38.91871,-94.97488
Asclepias syriaca,38.7022,-94.97334
Asclepias syriaca,38.68333,-97.88722
Asclepias syriaca,41.02549,-96.83277
Asclepias syriaca,45.75419,-100.17182
Asclepias syriaca,41.57786,-99.12337
Asclepias syriaca,38.41306,-96.52778
Asclepias syriaca,39.03241,-96.69215
Asclepias syriaca,44.70367,-100.06514
Asclepias syriaca,39.00804,-95.74201
Asclepias syriaca,38.8316,-94.63823
Asclepias syriaca,39.79851,-99.92468
Asclepias syriaca,39.07889,-96.83611
Asclepias syriaca,39.04583,-95.20528
Asclepias syriaca,42.81817,-92.2188
Asclepias syriaca,43.59716,-97.17475
Asclepias syriaca,41.02549,-96.83277
Asclepias syriaca,44.5051,-96.5244
Asclepias syriaca,48.98603,-97.68711
Asclepias syriaca,43.23218,-99.33059
Asclepias syriaca,38.97987,-99.25159
Asclepias syriaca,37.31045,-88.99346
Asclepias syriaca,42.56433,-97.26365
Asclepias syriaca,42.84175,-97.49692
Asclepias syriaca,39.0721,-95.43754
Asclepias syriaca,38.71643,-94.95493
Asclepias syriaca,38.58332,-95.68822
Asclepias syriaca,37.72532,-95.24319
Asclepias syriaca,38.89789,-95.02637
Asclepias syriaca,38.77289,-95.66581
Asclepias syriaca,37.73777,-95.21544
Asclepias syriaca,39.06423,-96.46059
Asclepias syriaca,38.88138,-94.88431
Asclepias syriaca,38.74033,-100.50692
Asclepias syriaca,38.80956,-95.5572
Asclepias syriaca,38.95752,-95.24688
Asclepias syriaca,39.02933,-95.3908
Asclepias syriaca,42.0345,-96.1775
Asclepias syriaca,39.48722,-96.40944
Asclepias syriaca,39.27017,-98.18192
Asclepias syriaca,39.09861,-96.83028
Asclepias syriaca,41.5446,-81.4729
Asclepias syriaca,37.63358,-102.53721
Asclepias syriaca,40.90047,-100.16068
Asclepias syriaca,38.41667,-97.13333
Asclepias syriaca,41.98725,-98.43745
Asclepias syriaca,45.26599,-96.65354
Asclepias syriaca,38.88591,-95.29513
Asclepias syriaca,39.50764,-95.92676
Asclepias syriaca,43.35078,-97.4329
Asclepias syriaca,42.26079,-71.1386
Asclepias syriaca,37.19419,-96.69816
Asclepias syriaca,36.0935,-85.8302
Asclepias syriaca,46.51359,-97.92583
Asclepias syriaca,39.87055,-96.73584
Asclepias syriaca,39.79551,-100.00262
Asclepias syriaca,38.94955,-98.85613
Asclepias syriaca,39.81725,-99.98382
Asclepias syriaca,38.88029,-94.60785
Asclepias syriaca,45.97604771,-99.54988516
Asclepias syriaca,38.70367,-96.48816
Asclepias syriaca,38.34782,-97.92526
Asclepias syriaca,37.54996,-95.21758
Asclepias syriaca,38.67588,-96.645
Asclepias syriaca,41.29931,-97.23806
Asclepias syriaca,38.67885,-97.76104
Asclepias syriaca,40.74984,-98.54269
Asclepias syriaca,38.4983,-94.6859
Asclepias syriaca,39.0443,-95.12708
Asclepias syriaca,39.64611,-98.90205
Asclepias syriaca,40.50784,-95.751
Asclepias syriaca,40.58611,-98.3976
Asclepias syriaca,38.94157,-95.38029
Asclepias syriaca,45.75078,-97.21517
Asclepias syriaca,40.09094,-98.75862
Asclepias syriaca,38.94268,-95.23525
Asclepias syriaca,39.69968,-98.27768
Asclepias syriaca,41.1007,-96.64474
Asclepias syriaca,38.26018,-94.69489
Asclepias syriaca,39.00121,-97.02251
Asclepias syriaca,38.61966,-96.22494
Asclepias syriaca,39.67296,-96.39049
Asclepias syriaca,42.84141,-97.49925
Asclepias syriaca,41.21817,-98.41412
Asclepias syriaca,37.89573,-95.03632
Asclepias syriaca,38.14323,-94.75737
Asclepias syriaca,37.42692,-95.66427
Asclepias syriaca,38.17973,-95.26117
Asclepias syriaca,39.81707,-96.41847
Asclepias syriaca,41.9247,-97.41477
Asclepias syriaca,42.29792,-91.92623
Asclepias syriaca,40.14971,-96.34867
Asclepias syriaca,39.36868,-95.96322
Asclepias syriaca,41.69095,-97.48
Asclepias syriaca,40.55067,-99.80713
Asclepias syriaca,37.08867,-96.06744
Asclepias syriaca,46.437,-97.19413
Asclepias syriaca,38.27904,-95.17746
Asclepias syriaca,39.82585,-95.14139
Asclepias syriaca,39.55626,-94.76968
Asclepias syriaca,42.68333,-96.70304
Asclepias syriaca,40.13983,-97.72312
Asclepias syriaca,38.76963,-95.66996
Asclepias syriaca,38.28797,-94.34364
Asclepias syriaca,38.11269,-98.7943
Asclepias syriaca,43.15704,-98.52881
Asclepias syriaca,47.2898051,-97.00296824
Asclepias syriaca,41.6911,-97.91124
Asclepias syriaca,38.90593,-95.45074
Asclepias syriaca,40.69712,-95.88144
Asclepias syriaca,41.55847,-98.85396
Asclepias syriaca,38.32421,-96.98205
Asclepias syriaca,46.57541596,-97.13028625
Asclepias syriaca,47.99446222,-97.62966414
Asclepias syriaca,41.7809,-98.97499
Asclepias syriaca,43.11505,-99.18864
Asclepias syriaca,42.653,-85.407
Asclepias syriaca,40.65718,-96.09059
Asclepias syriaca,43.56804,-99.18111
Asclepias syriaca,40.11678,-98.43594
Asclepias syriaca,43.25213,-97.30006
Asclepias syriaca,40.9777,-98.979
Asclepias syriaca,44.38667,-97.50992
Asclepias syriaca,43.389,-98.89277
Asclepias syriaca,43.46374,-99.07936
Asclepias syriaca,38.47233,-97.66421
Asclepias syriaca,37.67464,-97.13603
Asclepias syriaca,37.65058,-96.08116
Asclepias syriaca,38.91279,-96.20775
Asclepias syriaca,38.86864,-97.1582
Asclepias syriaca,39.84923,-95.37217
Asclepias syriaca,39.00758,-95.34433
Asclepias syriaca,39.24856,-97.39881
Asclepias syriaca,37.83466,-94.70595
Asclepias syriaca,37.62244,-94.73683
Asclepias syriaca,38.52438,-95.8683
Asclepias syriaca,38.36866,-96.52386
Asclepias syriaca,39.38078,-96.41217
Asclepias syriaca,38.81842,-95.18604
Asclepias syriaca,39.23055,-96.52557
Asclepias syriaca,39.52855,-95.5166
Asclepias syriaca,39.08184,-94.87029
Asclepias syriaca,39.60843,-97.71155
Asclepias syriaca,37.93751,-96.19301
Asclepias syriaca,39.00437,-95.62281
Asclepias syriaca,39.34618,-97.08496
Asclepias syriaca,39.02702,-95.57877
Asclepias syriaca,39.10584,-97.1348
Asclepias syriaca,37.97164,-94.8282
Asclepias syriaca,38.957,-95.32443
Asclepias syriaca,39.44522,-96.75939
Asclepias syriaca,38.78333,-97.6495
Asclepias syriaca,38.957,-95.32443
Asclepias syriaca,38.75314,-97.91638
Asclepias syriaca,39.20432,-96.32347
Asclepias syriaca,39.93025,-97.12044
Asclepias syriaca,38.65226,-95.09921
Asclepias syriaca,38.77221,-98.17694
Asclepias syriaca,39.10028,-95.25767
Asclepias syriaca,39.13784,-95.24568
Asclepias syriaca,39.2717,-95.65942
Asclepias syriaca,38.957,-95.22232
Asclepias syriaca,39.0127,-96.02713
Asclepias syriaca,39.46637,-96.41333
Asclepias syriaca,39.90222,-95.80082
Asclepias syriaca,39.65993,-97.88538
Asclepias syriaca,37.41834,-95.57071
Asclepias syriaca,37.88566,-95.74072
Asclepias syriaca,39.00731,-95.23578
Asclepias syriaca,38.61409,-95.03487
Asclepias syriaca,39.17969,-99.15649
Asclepias syriaca,39.79666,-100.32264
Asclepias syriaca,39.90623,-95.20954
Asclepias syriaca,39.20806,-95.80504
Asclepias syriaca,37.25506,-95.66285
Asclepias syriaca,38.66975,-96.10229
Asclepias syriaca,39.46014,-97.24179
Asclepias syriaca,37.39518,-97.28555
Asclepias syriaca,38.13086,-95.74446
Asclepias syriaca,39.15797,-95.66537
Asclepias syriaca,39.39321,-99.31215
Asclepias syriaca,39.19507,-95.06812
Asclepias syriaca,38.02993,-95.17497
Asclepias syriaca,39.31117,-98.10616
Asclepias syriaca,39.08192,-96.37399
Asclepias syriaca,37.75052,-96.61973
Asclepias syriaca,37.22867,-94.84004
Asclepias syriaca,37.35789,-95.26908
Asclepias syriaca,39.6618,-99.31076
Asclepias syriaca,39.82913,-97.98125
Asclepias syriaca,39.1321,-96.3458
Asclepias syriaca,39.82209,-100.30239
Asclepias syriaca,37.79713,-95.07291
Asclepias syriaca,39.35094,-98.7028
Asclepias syriaca,39.13554,-97.15361
Asclepias syriaca,38.91809,-98.49858
Asclepias syriaca,42.923,-85.711
Asclepias syriaca,40.05988,-98.59492
Asclepias syriaca,43.17053,-97.08035
Asclepias syriaca,43.36221,-100.34598
Asclepias syriaca,41.20256,-99.68114
Asclepias syriaca,41.98284,-98.16131
Asclepias syriaca,42.84578,-98.85432
Asclepias syriaca,40.07438,-98.57599
Asclepias syriaca,41.69906,-99.05317
Asclepias syriaca,44.02104,-99.36949
Asclepias syriaca,40.63694,-97.63307
Asclepias syriaca,43.8811,-99.77975
Asclepias syriaca,45.33205,-97.30465
Asclepias syriaca,41.41381,-100.19771
Asclepias syriaca,34.83829,-85.80987
Asclepias syriaca,43.01392,-92.38812
Asclepias syriaca,41.01616,-96.28341
Asclepias syriaca,40.61623,-97.16938
Asclepias syriaca,41.56459,-95.87655
Asclepias syriaca,41.42655,-97.35848
Asclepias syriaca,45.74281,-97.22234
Asclepias syriaca,42.5407,-96.39406
Asclepias syriaca,41.14184,-96.44988
Asclepias syriaca,43.55,-80.26667
Asclepias syriaca,42.43139,-88.25556
Asclepias syriaca,38.83583,-83.57361
Asclepias syriaca,40.10972,-83.41917
Asclepias syriaca,40.10306,-83.32417
Asclepias syriaca,41.24944,-79.24889
Asclepias syriaca,45.733,-75.333
Asclepias syriaca,45.567,-67.417
Asclepias syriaca,45.9,-77.25
Asclepias syriaca,45.3,-75.55
Asclepias syriaca,44.783,-79.383
Asclepias syriaca,45.4,-76.733
Asclepias syriaca,45,-78.7
Asclepias syriaca,40.87,-74.48